{"cameraMode":{"drawMode":0,"name":"Shaded","section":"Shading Mode"},"sceneLighting":true,"audioPlay":false,"sceneViewState":{"m_AlwaysRefresh":false,"showFog":true,"showSkybox":true,"showFlares":true,"showImageEffects":true,"showParticleSystems":true,"showVisualEffectGraphs":true,"m_FxEnabled":true},"in2DMode":false,"pivot":{"x":-1.1851012706756592,"y":1.8123677968978882,"z":11.284573554992676},"rotation":{"x":-0.5424196124076843,"y":0.0005020679673179984,"z":-0.00032340758480131626,"w":-0.8401193618774414},"size":13.162124633789063,"orthographic":true}