{"cameraMode":{"drawMode":0,"name":"Shaded","section":"Shading Mode"},"sceneLighting":false,"audioPlay":false,"sceneViewState":{"m_AlwaysRefresh":false,"showFog":true,"showSkybox":false,"showFlares":true,"showImageEffects":true,"showParticleSystems":true,"showVisualEffectGraphs":true,"m_FxEnabled":true},"in2DMode":false,"pivot":{"x":1.3903093338012696,"y":-0.39880573749542239,"z":14.734574317932129},"rotation":{"x":-0.00569188455119729,"y":-0.0026904484257102014,"z":-0.00001868256731540896,"w":0.9999971985816956},"size":2.2678892612457277,"orthographic":true}